id,name,location,price_range
1,Ringo Sicely,Par Pharmaceutical Inc.,1
2,Nickie Dinjes,Amerisource Bergen,4
3,Caryl Geroldo,Walgreen Company,5
4,Lynea Thickpenny,"Summit Industries, Inc.",3
5,Husain Chaters,Qualitest Pharmaceuticals,4
6,Georgianne Knapton,Jubilant HollisterStier LLC,3
7,Shanie Thorneloe,Advanced Generic Corporation,1
8,Earl Exrol,"Bio-Pharm, Inc.",1
9,Estella Deguara,Wakefern Food Corp,4
10,Konstanze Jerrold,Access Business Group LLC,2
11,Sheilakathryn Jobke,American Health Packaging,5
12,Emanuele Hehl,Ricola Ag,1
13,Tadeo Seakes,RITE AID CORPORATION,4
14,Rachael Canete,"Nelco Laboratories, Inc.",4
15,Hewe Twist,"GANZ U.S.A., LLC",5
16,Merv Woodroof,Wakefern Food Corporation,1
17,Kathy Ible,"BB17, LLC",4
18,Lester Rowter,GE Healthcare Inc.,1
19,Kelsey Bonavia,"Nelco Laboratories, Inc.",2
20,Tisha Fuzzard,"Prestium Pharma, Inc.",3
21,Rahal Hattoe,"Physicians Total Care, Inc.",5
22,Marney Klosa,REMEDYREPACK INC.,1
23,Logan Bail,"Physicians Total Care, Inc.",1
24,Nickie Ranald,"NCS HealthCare of KY, Inc dba Vangard Labs",3
25,Odelle Chsteney,"Taro Pharmaceuticals U.S.A., Inc.",2
26,Marena Ewells,"EQUATE (Walmart Stores, Inc.)",2
27,Lucita Sawdy,"H and P Industries, Inc. dba Triad Group",3
28,Gregg Wass,"Nelco Laboratories, Inc.",5
29,Tiler Mackett,"Golden State Medical Supply, Inc.",4
30,Maighdiln Lune,TEVA Pharmaceuticals USA Inc,1
31,Ursala Hiorn,Novartis Pharmaceuticals Corporation,3
32,Christabella Fearnehough,"Nelco Laboratories, Inc.",5
33,Mar Dossettor,TYA Pharmaceuticals,2
34,Vincent Blevin,"Preferred Pharmaceuticals, Inc",1
35,Karrie Hutcheson,New World Imports,5
36,Kermit Cescon,Keystone Laboratories,5
37,Benni Daughtery,HOMEOLAB USA INC.,3
38,Rivy Kennon,"Physicians Total Care, Inc.",2
39,Theresita Harkness,"PD-Rx Pharmaceuticals, Inc.",4
40,Lacee Dennington,Remedy Makers,5
41,Rhetta Trassler,"TONYMOLY CO., LTD.",5
42,Bartram Vasilchikov,LEO Pharma Inc.,2
43,Joel Khomishin,Cardinal Health,2
44,Trey Meller,Sandoz Inc,4
45,Abrahan Fanshaw,Walgreens,3
46,Kirstyn Kinnoch,Pfizer Laboratories Div Pfizer Inc,2
47,Shir Domingues,Apotheca Company,3
48,Gallard Pietron,ESTEE LAUDER N.V.,2
49,Phylys Frampton,"Insys Therapeutics, Inc.",2
50,Marcie Gilston,"Physicians Total Care, Inc.",3
51,Shandie Drinkale,"Physicians Total Care, Inc.",5
52,Naoma Moncey,CVS Pharmacy,4
53,Jenelle Anthoney,Kroger Company,2
54,Rhonda Bayfield,St Marys Medical Park Pharmacy,4
55,Kathryne Vogt,"Allermed Laboratories, Inc.",2
56,Baillie Kensitt,"Deseret Biologicals, Inc.",4
57,Helene Greswell,Genzyme Corporation,2
58,Mattie Wickson,Avema Pharma Solutions,3
59,Errick Pollen,Massco Dental A Division of Dunagin Pharmaceuticals,3
60,Eleanor Jeannin,"Nelco Laboratories, Inc.",4
61,Ibrahim Cootes,"PD-Rx Pharmaceuticals, Inc.",2
62,Ilene Eunson,Delon Laboratories (1990) Ltd,2
63,Laina Norquay,Teva Pharmaceuticals USA Inc,2
64,Hastings Clayborn,Cintas,2
65,Morganne Creevy,"Life Line Home Care Services, Inc.",4
66,Clare Spurriar,"Actavis Pharma, Inc.",4
67,Alyce Munro,"Nelco Laboratories, Inc.",3
68,Leia Baroux,"Graceway Pharmaceuticals, LLC",5
69,Merrick Wiles,Rebel Distributors Corp.,2
70,Margarette Harrowell,REMEDYREPACK INC.,1
71,Royall Donoher,Aurobindo Pharma Limited,1
72,Karlie Ernshaw,Publix Super Markets Inc,5
73,Adham Aubri,"Antigen Laboratories, Inc.",3
74,Mozelle Antoniak,"Avon Products, Inc.",5
75,Thorndike Jiggle,"Arbonne International, LLC",2
76,Findlay Eisak,hameln rds gmbh,3
77,Derron Chennells,University Medical Pharmaceuticals Corp,4
78,Emmy Sharpin,Costco Wholesale Corporation,5
79,Harriet Sleith,"American Regent, Inc.",1
80,Chauncey Tizzard,Bryant Ranch Prepack,1
81,Aguie MacCartan,REMEDYREPACK INC.,3
82,Cordey Essberger,"ALK-Abello, Inc.",5
83,Junette Helwig,"Lil' Drug Store Products, Inc.",3
84,Mattie Deedes,CHANEL PARFUMS BEAUTE,2
85,Udell Whiterod,Home Sweet Homeopathics,1
86,Garwin Moakler,J. A. Cosmetics U.S. INC,2
87,Eadie Victor,ESTEE LAUDER INC,2
88,Alric enzley,Cardinal Health,5
89,Valeria Simion,"Greenbrier International, Inc.",3
90,Cordelie Bisacre,"Idelle Labs, Ltd",4
91,Arlen Morales,"SAMSUNG PHARM IND. CO., LTD.",5
92,Mayne Rigard,China Ningbo Shangge Cosmetic Technology Corp.,4
93,Jorgan Bedlington,"Hospira, Inc.",4
94,Cynthia Kleynermans,"Gensco Laboratories, LLC",4
95,Arlyn Bromley,Apotex Corp,5
96,Wyn Abbay,SUPERVALU INC.,5
97,Sibyl Gotliffe,REMEDYREPACK INC.,4
98,Selestina Baniard,"Graceway Pharmaceuticals, LLC",3
99,Putnam Meineken,Stratus Pharmaceuticals,2
100,Lem Meakin,"Johnson & Johnson Consumer Products Company, Division of Johnson & Johnson Consumer Companies, Inc.",2
101,Griff Benettolo,Sagent Pharmaceuticals,4
102,Kimbell Biaggetti,"Nelco Laboratories, Inc.",2
103,Bill Demead,"Watson Laboratories, Inc.",3
104,Pat Devons,Mylan Pharmaceuticals Inc.,2
105,Liz Gheerhaert,Baxter Healthcare Corporation,1
106,Aloin Rubi,"Janssen Pharmaceutical, Inc.",2
107,Antonin Seares,Ventura International LTD,2
108,Wilma Fowley,Cardinal Health,2
109,Sarah Nano,"Hangzhou Facecare Cosmetics Co., Ltd.",2
110,Clare Lapree,Ranbaxy Pharmaceuticals Inc.,3
111,Salmon Hannabus,Conopco Inc. d/b/a Unilever,3
112,Birdie Scotcher,ENCHANTE ACCESSORIES INC.,5
113,Lelah Simoes,"Kingdom Animalia, LLC DBA Hourglass Cosmetics",4
114,Bren Giampietro,Teva Pharmaceuticals USA Inc,1
115,Ivie Brimble,Marco Pharma International LLC.,5
116,Hinda Slateford,CVS Pharmacy,2
117,Margareta McAuley,"Medline Industries, Inc.",4
118,Levy Yoxen,KAISER FOUNDATION HOSPITALS,2
119,Louie Douthwaite,"Beutlich Pharmaceuticals, LLC",4
120,Rodie Tokley,Clinical Solutions Wholesale,4
121,Frasco Barchrameev,AstraZeneca LP,1
122,Quincey Large,"Elizabeth Arden, Inc",5
123,Edan Maltster,"Professional Disposables International, Inc.",4
124,Lillis Falks,Walgreen Company,5
125,Dulcine Hanratty,RECEPTOPHARM INC,4
126,Henderson Ferney,"Vitality Works, Inc",1
127,Weston Grace,Rebel Distributors Corp,2
128,Dulcine Lumbly,"Antigen Laboratories, Inc.",1
129,Don Loveman,"SAMJOKO SKYBLUE CO., LTD.",3
130,Doralia Acom,Natural Health Supply,4
131,Bertha Jefferson,McKesson,3
132,Lief Pyatt,REMEDYREPACK INC.,2
133,Bobinette Hayfield,Eisai Inc.,5
134,Zaria Spatari,Major Pharmaceuticals,3
135,Terence Beccera,"ALK-Abello, Inc.",1
136,Amalee Pisco,Mylan Pharmaceuticals Inc.,2
137,Shaun Adolthine,"Nelco Laboratories, Inc.",2
138,Nealon Haughton,"Aphena Pharma Solutions - Tennessee, Inc.",1
139,Eolanda Packer,"Avon Products, Inc.",4
140,Giorgio Gillean,"Roxane Laboratories, Inc",4
141,Holt Beaumont,Lake Erie Medical DBA Quality Care Products LLC,4
142,Lind Barnish,"GAVIS Pharmaceuticals, LLC",4
143,Edwin Rozenzweig,Amerisource Bergen,3
144,Harrison Faircliff,"Nelco Laboratories, Inc.",3
145,Walt Circuitt,Major Pharmaceuticals,5
146,Eydie Whifen,Cardinal Health,2
147,Colette Jonczyk,Cardinal Health,1
148,Aloisia Morphet,Oceanside Pharmaceuticals,4
149,Rorie Kealey,Teva Pharmaceuticals USA Inc,4
150,Abagael McGerraghty,Neutrogena Corporation,2
151,Jerald Petteford,Lake Erie Medical DBA Quality Care Products LLC,5
152,Robinet Hobell,DZA Brands LLC,5
153,Joaquin Anster,Mylan Pharmaceuticals Inc.,5
154,Cirstoforo Gabbotts,Cardinal Health,5
155,Betteann Earngy,Apotex Corp.,5
156,Francyne Piccard,Rebel Distributors Corp,4
157,Lennard Furzey,Lake Erie Medical DBA Quality Care Products LLC,2
158,Martyn Alliot,CHANEL PARFUMS BEAUTE,2
159,Ebenezer Antusch,"Antigen Laboratories, Inc.",2
160,Tom Smurfit,Woodbine Products Company,1
161,Lelia Brunsden,"A&Z Pharmaceutical, Inc.",5
162,Judon Chandler,"PD-Rx Pharmaceuticals, Inc.",4
163,Daron Toseland,"ALK-Abello, Inc.",3
164,Asa O'Curneen,Ventura Corporation Limited,5
165,Carma McCalister,Safeway Inc.,4
166,Gracia Barnshaw,"Idelle Labs, Ltd",2
167,Niles Henfre,"Gilead Sciences, Inc.",2
168,Nesta Borrett,Bayer HealthCare Pharmaceuticals Inc.,1
169,Hetty Glancy,"Aphena Pharma Solutions - Tennessee, LLC",2
170,Man Deverick,Lake Erie Medical DBA Quality Care Products LLC,3
171,Eamon Yurevich,Legacy Pharmaceutical Packaging,5
172,Tallie Saffen,Liddell Laboratories,4
173,Rhys Disbrey,Cantrell Drug Company,2
174,Germana Symones,Conopco Inc. d/b/a Unilever,4
175,Gus Persitt,"Newton Laboratories, Inc.",3
176,Monti O'Looney,"Antigen Laboratories, Inc.",4
177,Scotty Suggitt,"Konsyl Pharmaceuticals, Inc.",1
178,Harp Macer,Mylan Pharmaceuticals Inc.,4
179,Wendell Bumpass,McKesson Packaging Services a business unit of McKesson Corporation,2
180,Zia Bendare,Pharmacia and Upjohn Company,1
181,Pietra Kitchaside,"Actavis Pharma, Inc.",4
182,Juan Gareisr,"ALK-Abello, Inc.",4
183,Janella Kendred,Pfizer Laboratories Div Pfizer Inc,2
184,Cornelle Kittel,Kamins Dermatologics Inc.,5
185,Chelsae Ingerfield,"PD-Rx Pharmaceuticals, Inc.",4
186,Lidia Reily,"Western Family Foods, Inc.",3
187,Ramsay Dalinder,Rimmel Inc.,4
188,Clea Elington,Kmart Corporation,5
189,Kerwin Reditt,Parfums Christian Dior,4
190,Lissa Grassin,Acella Pharmaceuticals,5
191,Marcile Burdis,"American Regent, Inc.",4
192,Maisey Jeal,Apotex Corporation,5
193,Nina Bonallack,"The Hain Celestial Group, Inc.",3
194,Marillin Cluse,Mylan Pharmaceuticals Inc.,4
195,Barbara-anne Rapier,"ALK-Abello, Inc.",5
196,Nadiya Rushman,"Nelco Laboratories, Inc.",4
197,Odelinda Doret,Bryant Ranch Prepack,1
198,Lanita Turton,"H.J. Harkins Company, Inc.",2
199,Gale Duinbleton,"Amneal Pharmaceuticals of New York, LLC",1
200,Tallie Pickston,"Avon Products, Inc.",1
201,Ephrayim Petrovykh,"Allermed Laboratories, Inc.",2
202,Myrta Greenfield,Merck Sharp & Dohme Corp.,2
203,Magdalene Peschka,"Breckenridge Pharmaceutical, Inc.",1
204,Torrey Gummery,Blaine Labs Inc.,1
205,Lethia Jolliffe,Publix Super Markets Inc,4
206,Silvanus Algeo,WALGREEN CO.,4
207,Binni Daniels,McKesson,1
208,Hatty Merwe,REMEDYREPACK INC.,4
209,Natala Rodinger,Wakefern Food Corporation,3
210,Vinita Lingner,"Physicians Total Care, Inc.",1
211,Tabina Ringsell,Cardinal Health,2
212,Ikey Ikin,"ALK-Abello, Inc.",2
213,Chiquita Uzzell,Heritage Pharmaceuticals Inc.,2
214,Titus Creighton,"Raining Rose, Inc.",1
215,Alfreda Folke,Equaline,2
216,Frazer Tilzey,U.S. Pharmaceuticals,5
217,Carlee Slade,Dr. Reddy's Laboratories Limited,2
218,Claire Pringle,G.D. Searle LLC Division of Pfizer Inc,2
219,Freeman Billie,Cardinal Health,4
220,Phyllida Yesipov,"AAA Pharmaceutical, Inc.",5
221,Lindsay Mazzei,Dynarex Corporation,4
222,Waylon Welberry,Kroger Company,5
223,Land Woloschinski,STAT RX USA LLC,2
224,Beckie Dundendale,American Health Packaging,5
225,Mallorie Caro,Clinical Solutions Wholesale,2
226,North Hefforde,Forces of Nature,5
227,Delmor Fillon,"Nelco Laboratories, Inc.",2
228,Dolorita Harpur,Baxter Healthcare Corporation,3
229,Letizia Sauniere,"Stephen L. LaFrance Pharmacy, Inc.",3
230,Sigvard Cornock,L. Perrigo Company,1
231,Lorie Sherrum,Dr. Reddy's Laboratories Limited,3
232,Terri Ferrillio,Rebel Distributors Corp,3
233,Lucais Spottswood,"Fresenius Kabi USA, LLC",5
234,Ulrikaumeko Marciskewski,"KATE SOMERVILLE SKINCARE, LLC",3
235,Matthieu Simonot,Professional Disposables International Inc.,1
236,Shirlee Caselli,Bryant Ranch Prepack,5
237,Berny Kilfeder,Ventura International LTD.,5
238,Kelley Potebury,"Shanghai Yinjing Medical Supplies Co., Ltd.",5
239,Erick Hundal,CareFusion 213 LLC,2
240,Jan Trowsdale,Clinical Solutions Wholesale,5
241,Clare Ingold,Jubilant HollisterStier LLC,3
242,Morgan Quarless,Patterson Dental Supply Inc,5
243,Sella Milburne,Cardinal Health,3
244,Cassandra Peeter,American Health Packaging,5
245,Sharia Biddle,West-Ward Pharmaceutical Corp,1
246,Ame Whardley,"Kareway Product, Inc.",3
247,Tybie McQuarter,Teva Pharmaceuticals USA Inc,4
248,Netty Byard,"ALK-Abello, Inc.",4
249,Dorothee Cressar,Teva Pharmaceuticals USA Inc,4
250,Joel Radish,Rejoice International,2
251,Kerrie Bonelle,"Prestium Pharma, Inc.",3
252,Minta Fitzjohn,REMEDYREPACK INC.,1
253,Addy Fakeley,REMEDYREPACK INC.,3
254,Pat Kelcher,McKesson,2
255,Wini Stiggles,"iNova Pharmaceuticals Pty, Ltd",3
256,Eberhard Peters,"Antigen Laboratories, Inc.",1
257,Diane Bidgood,Parfums Christian Dior,2
258,Krisha Treble,Rite Aid,5
259,Conchita Sutcliff,Sandoz Inc,3
260,Adoree Dauney,Janssen Cosmetics GmbH,4
261,Consuelo Sifflett,Baxter Healthcare Corporation,3
262,Florance Pavia,American Health Packaging,3
263,Astrid Fury,Procter & Gamble Manufacturing Co.,3
264,Dinah Kindell,WOCKHARDT USA LLC,5
265,Avis Kiledal,ART COSMETICS SRL,4
266,Georgi Saltsberger,"Rugby Laboratories, Inc",2
267,Geri Worrill,"Davion, Inc",5
268,Carlen Gossage,Zydus Pharmaceuticals (USA) Inc.,1
269,Nikolos Pellingar,Bausch & Lomb Incorporated,3
270,Stu Lambie,"General Injectables & Vaccines, Inc",2
271,Llywellyn Clayworth,"Nelco Laboratories, Inc.",5
272,Gaylor Fitkin,Teva Pharmaceuticals USA Inc,4
273,Carlee M'Quharge,"ALK-Abello, Inc.",2
274,Geralda McMenamin,"NeilMed Pharmaceuticals, Inc.",3
275,Arri McGerraghty,"EMD Serono, Inc.",5
276,Aimee Bullivent,Rebel Distributors Corp,1
277,Rodger Long,"Johnson & Johnson Healthcare Products, Division of McNEIL-PPC, Inc.",3
278,Jayson Binge,Target Corporation,3
279,Giorgi Atwater,CVS Pharmacy,3
280,Juli Tumbridge,"The Doctors Cosmetics Co., Ltd",4
281,D'arcy Meddows,McKesson Packaging Services a business unit of McKesson Corporation,1
282,Krissy Creyke,Supervalu Inc,5
283,Helsa Tregaskis,Rebel Distributors Corp,1
284,Roxie Osorio,"Preferred Pharmaceuticals, Inc.",2
285,Kin Cholerton,"Hospira, Inc.",1
286,Joanna Proppers,"Peaceful Mountain, Inc.",4
287,Staffard Aymerich,REMEDYREPACK INC.,2
288,Elmira Paradise,State of Florida DOH Central Pharmacy,4
289,Gael Harmer,Procter & Gamble Manufacturing Co.,2
290,Mariel Guidetti,"Global Pharmaceuticals, Division of Impax Laboratories Inc.",3
291,Jaimie Pinckney,VVF Kansas Services LLC,3
292,Kristel Pearch,"Nelco Laboratories, Inc.",4
293,Sinclare Girodon,REMEDYREPACK INC.,1
294,Leshia Goodee,"Diversey, Inc.",1
295,Trudy Samson,Uriel Pharmacy Inc,5
296,Kathryn Ferre,International Cosmetics Ltd.,4
297,Clare Toffolo,WALGREEN COMPANY,4
298,Krista Savage,"Physicians Total Care, Inc.",4
299,Broddy Halkyard,Energizer Personal Care LLC,4
300,Van Speeding,Bryant Ranch Prepack,5
301,Ceciley Todarello,"IVAX Pharmaceuticals, Inc.",3
302,Nowell Gamet,OCuSOFT Inc.,2
303,Francklin Girhard,"Golden State Medical Supply, Inc.",5
304,Michale Gerrad,"Aphena Pharma Solutions - Tennessee, LLC",3
305,Collette Crean,King Bio Inc.,4
306,Juliet Dowrey,State of Florida DOH Central Pharmacy,4
307,Deborah Hawksley,Water-Jel Technologies,4
308,Eveleen Rockall,"Physicians Total Care, Inc.",3
309,Beatrisa Errichiello,"MSD Consumer Care, Inc.",1
310,Herbert Gorman,"BioActive Nutritional, Inc.",3
311,Alessandro Ridde,TOP CARE (Topco Associates LLC),5
312,Haslett Dacres,"Avon Products, Inc",5
313,Muffin Calver,Unifirst First Aid Corporation,4
314,Mitchel Leifer,Zep Inc.,2
315,Tova McGregor,Cardinal Health,4
316,Kingston MacColm,CSL Behring LLC,5
317,Almeria Hardaway,WOCKHARDT LIMITED,3
318,Barbabas Goodredge,"Preferred Pharmaceuticals, Inc",2
319,Sidonia MacComiskey,CVS Pharmacy Inc,1
320,Corbin Kinnock,Conopco Inc. d/b/a Unilever,4
321,Ibrahim Dybbe,Galentic Pharma (India) Priva Te Ltd.,2
322,Freeland MacCoughen,"Antigen Laboratories, Inc.",3
323,Katerina Minear,Prasco Laboratories,5
324,Muire Lemonby,Organon USA Inc.,3
325,Maggee Domerc,"G&W Laboratories, Inc.",2
326,Philippine Mustard,"Tarte, Inc",1
327,Valenka Kilius,American Health Packaging,2
328,Kin Davisson,"Nature's Innovation, Inc.",5
329,Laure Jako,"Aphena Pharma Solutions - Tennessee, LLC",5
330,Yuri Tomasutti,"HANLIM PHARM. CO., LTD.",5
331,Rollo Double,King Bio Inc.,5
332,Jennette Poupard,International Beauty Exchange,2
333,Monique Ohrt,"Physicians Total Care, Inc.",2
334,Nita Hazzard,Mylan Institutional Inc.,1
335,Vita McPeice,"Matrixx Initiatives, Inc.",5
336,Ainslee Dagless,Rite Aid,5
337,Hieronymus Punt,"Mutual Pharmaceutical Company, Inc.",1
338,Lissa Mullin,American Health Distributions Inc.,1
339,Cristin Cornelius,"MallyGirl, LLC",1
340,Mandi Cameli,"DOLGENCORP, LLC",4
341,Viv Evett,Zydus Pharmaceuticals (USA) Inc.,3
342,Belita Stanbro,"IGI Labs, Inc.",5
343,Lesya Faichney,McKesson,5
344,Bessy Russilll,"Nelco Laboratories, Inc.",3
345,Cher Chevalier,Cadila Healthcare Limited,4
346,Glenna Stanfield,Ventura Corporation LTD.,2
347,Mikol Sheavills,"Nelco Laboratories, Inc.",5
348,Erroll McNair,REMEDYREPACK INC.,1
349,Aksel Blakiston,REMEDYREPACK INC.,4
350,Valentijn MacKissack,Mylan Pharmaceuticals Inc.,5
351,Gabrielle Marle,HyVee Inc,4
352,Broderic Pancoust,Combe Incorporated,5
353,Cornell Bayldon,"Aphena Pharma Solutions - Tennessee, LLC",4
354,Paloma Juniper,Citron Pharma LLC,2
355,Victoria MacNeice,Clinical Solutions Wholesale,3
356,Avrom Padden,"Roxane Laboratories, Inc.",3
357,Catha Northam,Target Corporation,4
358,Reginauld Garnam,Greenstone LLC,1
359,Les Dimitrijevic,Rebel Distributors Corp,4
360,Ravi Duddan,Neutrogena Corporation,4
361,Chick Doche,Uriel Pharmacy Inc.,5
362,Chrysler Lawdham,"Lupin Pharmaceuticals, Inc.",5
363,Marna Postles,Kroger Company,4
364,Alleen Hazzard,"Physicians Total Care, Inc.",1
365,Worden Hunnam,American Sales Company,5
366,Alon Seivwright,"PD-Rx Pharmaceuticals, Inc.",1
367,Rhonda Shevelin,"Dispensing Solutions, Inc.",3
368,Lem Cattrall,Procter and Gamble Manufacturing Company,3
369,Lianna Corrigan,"MallyGirl, LLC",1
370,Phillis Petken,"C.B. Fleet Company, Inc.",4
371,Matteo Dahle,Sandoz Inc,2
372,Shepperd Yong,"Church & Dwight Co., Inc.",4
373,Wells Leward,Novartis Pharmaceuticals Corporation,5
374,Blake Gawthorp,"ALK-Abello, Inc.",3
375,Janis Dreng,TRP Company,3
376,Melvin Sansum,"Nelco Laboratories, Inc.",3
377,Emlen Tonkinson,Enchante Accessories,4
378,Wat Bradman,Conopco Inc. d/b/a Unilever,1
379,Darlleen Tansly,Neutrogena Corporation,5
380,Dorice Sheara,GlaxoSmithKline LLC,5
381,Buck Rycroft,King Bio Inc.,2
382,Clark Oulner,Apotheca Inc.,2
383,Clovis Greenstreet,"Lil' Drug Store Products, Inc.",1
384,Caron Gogin,"Elizabeth Arden, Inc",5
385,Dudley Flacke,Stat Rx USA,5
386,Pauli Paule,Rouses Point Pharm,2
387,Vittorio Trathen,Best Choice,1
388,Madonna Monson,Hannaford Brothers Company,5
389,Alix Benoist,Meda Pharmaceuticals Inc.,2
390,Rafael Gager,REMEDYREPACK INC.,5
391,Verna Karle,"SOMA Biotechnology Co., Ltd",4
392,Kristoffer Boyda,Amerisource Bergen,2
393,Dawna Dimont,Uriel Pharmacy Inc.,5
394,Eugenius Paynter,Feelgood Health,4
395,Farlay Knyvett,Zep Inc.,5
396,Ailis McAreavey,Uriel Pharmacy Inc.,5
397,Nevil Ornils,Acme United Corporation,2
398,Barbey Runnett,Natural Immunogenics Corp.,3
399,Lindsy Allright,Washington Homeopathic Products,3
400,Zachary Schrader,Bryant Ranch Prepack,1
401,Brigitta Hanaford,"Nelco Laboratories, Inc.",4
402,Harlie Avrahamof,"Physicians Total Care, Inc.",3
403,Elke Beetlestone,REMEDYREPACK INC.,1
404,Kassandra Drexel,Perrigo New York Inc,4
405,Cullen Shorland,MAX HUBER RESEARCH LAB INC,4
406,Barry Paoletto,"Nelco Laboratories, Inc.",5
407,Kendall McGready,"Medline Industries, Inc.",4
408,Johan Aspden,Neutrogena Corporation,1
409,Vivian Squibbes,Uriel Pharmacy Inc.,4
410,Lyle MacAnulty,"MSD Consumer Care, Inc.",2
411,Layton Weare,State of Florida DOH Central Pharmacy,1
412,Mickie Antonat,HyVee Inc,5
413,Marcelle Potapczuk,Sandoz Inc,1
414,Jonell Kubasek,"Physicians Total Care, Inc.",4
415,Bertrand Crookston,State of Florida DOH Central Pharmacy,3
416,Eugene Vise,DRAXIMAGE LLC,1
417,Brook Diano,"Nelco Laboratories, Inc.",2
418,Andee Cawthorn,Cardinal Health,5
419,Olivero Ovey,GE Healthcare Inc.,1
420,Caren Antoinet,Kremers Urban Pharmaceuticals Inc.,2
421,Jemimah Rosellini,"Taro Pharmaceuticals U.S.A., Inc.",3
422,Fiona Boydle,"McNeil Consumer Healthcare Div McNeil-PPC, Inc",1
423,Julio Collyns,AMOREPACIFIC,4
424,Adolpho Folcarelli,Torrent Pharmaceuticals Limited,4
425,Cassie Easbie,Mylan Pharmaceuticals Inc.,3
426,Marget Grolmann,Anchor Supply Company,3
427,Fraze Laible,Laboratoires Boiron,1
428,Adina Petters,Safeway,4
429,Katrinka O'Shaughnessy,"ALK-Abello, Inc.",3
430,Ingaberg Marden,"Geri-Care Pharmaceuticals, Corp",5
431,Dante McWilliams,Ventura Corporation LTD,1
432,Vaughan Dunbleton,"Nelco Laboratories, Inc.",5
433,Tiphany Arlidge,Unit Dose Services,2
434,Derrek Enrrico,PUREMEDY,2
435,Babs Vader,Kmart Corporation,1
436,Raffarty Figge,Hyland's,3
437,Katharyn Birrane,Mylan Specialty,5
438,Nollie Mark,"NCS HealthCare of KY, Inc dba Vangard Labs",5
439,Dayle Bault,"Hospira, Inc.",1
440,Augie Toll,"Antigen Laboratories, Inc.",2
441,Marijn Jackman,Space Brands Limited,5
442,Joshua Fulger,REMEDYREPACK INC.,3
443,Prinz Dicty,Mylan Pharmaceuticals Inc.,2
444,Maurise Aupol,Restivo Chiropractic,2
445,Frans Kunzel,"Hospira, Inc.",2
446,Genny Luggar,Unit Dose Services,2
447,Koenraad Faich,CVS PHARMACY,2
448,Lindy Puckinghorne,McKesson Contract Packaging,1
449,Jesus Brettle,BioActive Nutritional,1
450,Cristin Rookledge,"Nelco Laboratories, Inc.",5
451,Raye Boulter,L'Oreal USA Products Inc,4
452,Felipa Dickin,STAT RX USA LLC,5
453,Derril Choppin,Meijer Distribution Inc,4
454,Colan Leverentz,AstraZeneca LP,4
455,Frazier Colclough,American Health Packaging,2
456,Minnie McCotter,Your Military Exchanges,3
457,Carlotta Cosens,"Concept Laboratories, Inc.",5
458,Shelba Brodest,"Allergy Laboratories, Inc.",4
459,Donnajean Binden,Rebel Distributors Corp,1
460,Ethelin Huniwall,"Diversey, Inc.",3
461,Jayne Harland,Cardinal Health,3
462,Mari Capper,REMEDYREPACK INC.,1
463,Norbie Belitz,"Dispensing Solutions, Inc.",2
464,Nevin Beilby,Boehringer Ingelheim Pharmaceuticals Inc.,2
465,Junia Marron,"American Regent, Inc.",2
466,Osborn Mengo,Lake Erie Medical & Surgical Supply DBA Quality Care Products LLC,4
467,Massimo Stonner,Procter & Gamble Manufacturing Co.,2
468,Abba Tweedie,Uriel Pharmacy Inc.,4
469,Doroteya Risson,Origin Biomed Inc,2
470,Francisco Scone,Teva Pharmaceuticals USA Inc,1
471,Dorian Eskrigg,Air Liquide America L.P.,5
472,Antonietta Harrowing,"GRIFOLS USA, LLC",4
473,Hogan Dunford,AbbVie Inc.,4
474,Mendie Detloff,Mylan Institutional Inc.,1
475,Nadeen Berrick,HOMEOLAB USA INC.,3
476,Celeste Offill,AstraZeneca LP,2
477,Nehemiah Edgeller,STAT Rx USA LLC,5
478,Cissy McGonnell,Apotex Corp,3
479,Dorene Fittall,"Camellix, LLC",2
480,Reinhold Giblett,"Aton Pharma, Inc.",1
481,Melitta MacMenamin,Best Choice,5
482,Guinevere Inkin,"ALK-Abello, Inc.",3
483,Gasper Sherman,Supervalu Inc,3
484,Celestyn Rouge,"Antigen Laboratories, Inc.",2
485,Felicdad Frankiss,Chain Drug Marketing Association,1
486,Michaelina Moine,Sagent Pharmaceuticals,1
487,Thomasina Asbury,Cadila Healthcare Limited,2
488,Anthiathia Swadlen,Phillips Company,5
489,Chancey Creak,Industrial Gas Distributors Inc,5
490,Deana Drews,Cardinal Health,1
491,Laurette Wandrich,Roerig,1
492,Reuven Finlason,McKesson Packaging Services a business unit of McKesson Corporation,4
493,Wilt Huonic,Perrigo New York Inc,2
494,Linda Rush,Qualitest Pharmaceuticals,4
495,Chrissy Brabham,"Help Remedies, Inc.",4
496,Coral Maffiotti,CVS Pharmacy,4
497,Petronella Bunhill,"Homeostasis Laboratories, Inc.",1
498,Berti Fullstone,"Hospira, Inc.",1
499,Rebeca Rockhall,"Antigen Laboratories, Inc.",4
500,Nat Arondel,Major Pharmaceuticals,1
501,Odelle Downey,REMEDYREPACK INC.,2
502,Vincenz McCritichie,"Antigen Laboratories, Inc.",4
503,Joscelin Toolin,Dr Reddys Laboratories Inc,3
504,Gustie Stockney,Hannaford Brothers Company,4
505,Guillemette Hammarberg,"Glenmark Generics Inc., USA",1
506,Alisander Kinsella,State of Florida DOH Central Pharmacy,1
507,Laney Gillbanks,"Paddock Laboratories, LLC",1
508,Normand Clemmens,Dolgencorp Inc,5
509,Steffi Theuff,CVS Pharmacy,2
510,Maddy Clappson,Natural Health Supply,5
511,Zsazsa Drydale,REMEDYREPACK INC.,4
512,Ardis Gurley,Feelgood Health,5
513,Willie Tawn,Valu Merchandisers Company,4
514,Gerrie Birrel,"Humco Holding Group, Inc.",2
515,Kerry Nelthorpe,"Aptalis Pharma US, Inc.",1
516,Meridel Belsher,Cardinal Health,2
517,Thibaud Heningham,"Imine Co., Ltd",1
518,Juliane Furness,NorthStar Rx LLC,4
519,Lyndell O'Hare,Aidarex Pharmaceuticals LLC,5
520,Vivianna Kloser,"Physicians Total Care, Inc.",1
521,Normie Purrington,"Nelco Laboratories, Inc.",2
522,Bliss Derkes,Topco Associates LLC,4
523,Brew Stille,Baxter Healthcare Corporation,3
524,Alden Kalderon,Unit Dose Services,1
525,Trudey Blodg,Winthrop U.S.,4
526,Augusto Quarlis,Lake Erie Medical DBA Quality Care Products LLC,1
527,Calv Le Ball,Ventura Corporation LTD,5
528,Kelli Permain,Premier Value,4
529,Atlanta Campes,"Boca Pharmacal, LLC",1
530,Junie Roberds,STAT Rx USA LLC,3
531,Lucian Brainsby,Clinical Solutions Wholesale,4
532,Emyle Glencrash,Mylan Pharmaceuticals Inc.,4
533,Myrvyn Learoyd,Cardinal Health,1
534,Alano Kinman,"Nelco Laboratories, Inc.",3
535,Celia Woodes,"A-Cute Derm, Incorporated",5
536,Charlie Scutcheon,Amgen Inc,4
537,Sarge Salzberger,"Unlimited Sales, Inc.",4
538,Fiann Housen,REMEDYREPACK INC.,4
539,Ferne Rocks,Qualitest Pharmaceuticals,3
540,Delainey McDoual,Cardinal Health,4
541,Danice Parcells,"Glenmark Generics Inc., USA",3
542,Rahal Unworth,"Allergy Laboratories, Inc.",2
543,Elton Brainsby,Cardinal Health,2
544,Bonnie Dubock,Aurobindo Pharma Limited,3
545,Ange Fardy,Perrigo New York Inc,2
546,Pansy Hindmore,AbbVie Inc.,3
547,Bettina Loalday,"Physicians Total Care, Inc.",5
548,Gillian Gabits,"Nelco Laboratories, Inc.",2
549,Misty Hedney,"ALK-Abello, Inc.",4
550,Grove Edgin,REMEDYREPACK INC.,3
551,Paquito Fennell,"Teva Parenteral Medicines, Inc",1
552,Rebekah Esslemont,"Midway Advanced Products, LLC",5
553,Tymon Anyon,Mylan Institutional Inc.,2
554,Onida Boeter,Lake Erie Medical DBA Quality Care Products LLC,1
555,Joane Hubatsch,"Melaleuca, Inc.",4
556,Mella Aleksic,Contract Pharmacy Services-PA,4
557,Livy Melbert,"Physicians Total Care, Inc.",2
558,Torrie Rosen,Dalan Kimya Endustri A.S.,3
559,Gilemette Crowche,Dr. Reddys Laboratories Limited,1
560,Forrest Polle,"Amneal Pharmaceuticals of New York, LLC",4
561,Lindy Avramchik,Poly Pharmaceuticals,2
562,Waldon Broadhurst,"Alex C. Fergusson, Inc.",2
563,Margaux Manhare,CVS Pharmacy,4
564,Lanae Hillum,West-ward Pharmaceutical Corp,4
565,Ciro Eatttok,Hikma Pharmaceutical,5
566,Clerissa Coltherd,Par Pharmaceutical Inc.,2
567,Dani Rickesies,"APP Pharmaceuticals, LLC",3
568,Mallory Oolahan,CVS Pharmacy,4
569,Maurizio Truswell,Perrigo New York Inc,5
570,Ferne McOnie,"Arbonne International, LLC",1
571,Balduin Higford,"Zhejiang Blue Dream Cosmetics Co., Ltd.",5
572,Ashli Ciotti,"Warner Chilcott (US), LLC",3
573,Far Crissil,Actavis Mid Atlantic LLC,3
574,Sigvard Tumelty,Medtech Products Inc.,4
575,Gregor Monk,Mckesson (Sunmark),1
576,Lowe Haswell,"Hospira, Inc.",3
577,Hillel Verity,"Dharma Research, inc.",1
578,Kristina Andress,"NSE Products, Inc.",2
579,Culley Peery,"Preferred Pharmaceuticals, Inc.",1
580,Julissa Putterill,Sandoz Inc,5
581,Bunni Berge,Mylan Pharmaceuticals Inc.,1
582,Binky Emps,Jubilant HollisterStier LLC,2
583,Megen Ponte,Conopco Inc. d/b/a Unilever,4
584,Llywellyn Lerhinan,"Dispensing Solutions, Inc.",3
585,Whitaker Wightman,"Elizabeth Arden, Inc",5
586,Sigfrid Verick,Qualitest Pharmaceuticals,5
587,Domini Vasin,"Chain Drug Consortium, LLC",2
588,Gay Fant,International Cosmetic Limited,4
589,Willetta Cay,"Best Sanitizers, Inc",1
590,Bax Daybell,L. Perrigo Company,5
591,Dianne Eskrigg,"Physicians Total Care, Inc.",1
592,Cameron Hannaby,"Amneal Pharmaceuticals of New York, LLC",5
593,Bethany Origin,"Hospira, Inc.",5
594,Cobbie Duiguid,Formula Corp.,5
595,Ario Britto,"W. F. Young, Inc.",3
596,Herbert Collumbine,Unit Dose Services,5
597,Tommi Bromley,"Roxane Laboratories, Inc.",2
598,Tomaso Kira,"Teva Parenteral Medicines, Inc",5
599,Gideon Antognoni,Bryant Ranch Prepack,4
600,Bertrand De Freyne,Natural Health Supply,1
601,Ransom Landeg,Terumo Corporation,2
602,Artus Strachan,American Health Packaging,1
603,Zsa zsa McMullen,Avema Pharma Solutions,1
604,Kory Seivertsen,Topco Associates LLC,4
605,Whitney Lote,"Shopko Stores Operating Co., LLC",4
606,Rochell Eadington,Jubilant Cadista Pharmaceuticals Inc.,5
607,Sue Trehearn,"Autumn Harp, Inc.",4
608,Clari Lantuff,Mylan Institutional Inc.,5
609,Markus Aitchinson,"Breckenridge Pharmaceutical, Inc.",5
610,Rheta Plenty,"APP Pharmaceuticals, LLC",2
611,Thatch Burstow,"Watson Laboratories, Inc.",2
612,Timmy Broggio,"MSD Consumer Care, Inc.",2
613,Mathe Wetherick,Enchante Accessories,1
614,Jonis Smallridge,Safeway,2
615,Levon Adamovsky,"Lifetech Resources, LLC",5
616,Honey Tilt,Jubilant HollisterStier LLC,2
617,Paddy Martinyuk,McKesson Packaging Services a business unit of McKesson Corporation,1
618,Ruthi Bosher,"Ningbo Dowland Daily Health Co., Ltd",4
619,Florina McTrustam,American Health Packaging,4
620,Karole Bucktharp,West-ward Pharmaceutical Corp,2
621,Elmo Medford,AvPAK,5
622,Roanna Inkles,Neutrogena Corporation,2
623,Selena Sander,"Nelco Laboratories, Inc.",1
624,Albertine Leimster,"ZHEJIANG GREENFACE HOUSEWARES CO., LTD.",4
625,Kimbell Doonican,"Accudial Pharmaceutical, Inc.",4
626,Timmie Leibold,Major Pharmaceuticals,2
627,Dimitri Lorentz,"ALK-Abello, Inc.",5
628,Noel Renault,Polygen Pharmaceuticals LLC,4
629,Mavra Stracey,NARS Cosmetics,2
630,Orsola Yakovich,"APP Pharmaceuticals, LLC",5
631,Yanaton Willingham,"Caraco Pharmaceutical Laboratories, Ltd.",5
632,Regan Giaomozzo,"Watson Laboratories, Inc.",5
633,Terri-jo Shower,"International Labs, Inc.",1
634,Milty Shipway,"CoValence, Inc.",4
635,Siouxie Klimkiewich,"General Injectables & Vaccines, Inc",1
636,Codie Orrell,Bayer HealthCare Consumer Care,2
637,Cori Stone,American Health Packaging,4
638,Gertie Jeffs,Premier Brands of America Inc.,4
639,Reilly Steward,Heritage Pharmaceuticals Inc.,5
640,Adara Croley,"Newton Laboratories, Inc.",5
641,Jerrylee Schapiro,"Hospira, Inc.",1
642,Salvatore Rintoul,"Genentech, Inc.",1
643,Friedrick Blackeby,"Ventura Corporation (San Juan, P.R)",5
644,Zacherie Shergold,REMEDYREPACK INC.,5
645,Myrtice Mahmood,"ALK-Abello, Inc.",3
646,Fidela Horry,"Betco Corporation, Ltd.",2
647,Darill Duckering,McKesson,1
648,Ripley Seamark,"Bath & Body Works, Inc.",3
649,Lissi Frane,U.S. Pharmaceuticals,5
650,Suzy Bevar,Merck Sharp & Dohme Corp.,5
651,Dulcinea Hartington,Pfizer Consumer Healthcare,3
652,Koralle Fancutt,"Preferred Pharmaceuticals, Inc.",3
653,Marc Stoad,TYA Pharmaceuticals,4
654,Dorothea Baptiste,Sanum Kehlbeck GmbH & Co. KG,1
655,Pauli Challin,"Mallinckrodt, Inc.",2
656,Kali Endrici,Lake Erie Medical DBA Quality Care Products LLC,5
657,Stormie Challen,"Acella Pharmaceuticals, LLC",3
658,Rawley Gomery,"Cosmetic Specialty labs, Inc.",1
659,Humbert Libero,Teva Pharmaceuticals USA Inc,4
660,Ailbert Sallier,Unit Dose Services,1
661,Esra Rawsthorne,"Antigen Laboratories, Inc.",4
662,Nelie McGaughay,Merck Sharp & Dohme Corp.,5
663,Ignatius Duetsche,"Antigen Laboratories, Inc.",2
664,Roarke Penniall,"BioActive Nutrional, Inc",1
665,Celka Conti,Conopco Inc. d/b/a Unilever,1
666,Matilde Boddice,Heritage Pharmaceuticals Inc.,2
667,Rozele Cromb,WOMENS CHOICE PHARMACEUTICALS LLC,2
668,Brandise Friman,AuroMedics Pharma LLC,4
669,Jeffry Birkmyr,Save-A-Lot Food Stores Ltd,4
670,Lucais Label,"Rising Pharmaceuticals, Inc.",2
671,Sigmund Shynn,"Profesional Disposables International, Inc.",5
672,Doti Lascelles,GlaxoSmithKline LLC,4
673,Roanne Mearns,"Roxane Laboratories, Inc",3
674,Feodora Ettles,Clinical Solutions Wholesale,4
675,Marsh Rosenbaum,REMEDYREPACK INC.,1
676,Deidre Reinisch,"Nelco Laboratories, Inc.",3
677,Rogers Navarre,West-Ward Pharmaceutical Corp,1
678,Kalle Pidgeon,Amerisource Bergen,3
679,Maxwell Walkden,ALILY (ZHANGZHOU) BATH PRODUCTS LTD.,1
680,Emlynne Titta,"Hangzhou Facecare Cosmetics Co., Ltd.",4
681,Karry Metcalf,Mylan Pharmaceuticals Inc.,3
682,Giffer Goodayle,Bausch & Lomb Incorporated,5
683,Brod Daens,Cardinal Health,5
684,Starlin Hovington,Proficient Rx LP,2
685,Jessey Perocci,"Nelco Laboratories, Inc.",1
686,Velma Senecaut,Access Business Group LLC,1
687,Rici Lauks,Shionogi Inc.,1
688,Ealasaid Bachellier,Natural Health Supply,2
689,Berti Trice,CVS Pharmacy,3
690,Kym Carillo,A-S Medication Solutions LLC,1
691,Miquela Blowing,Jubilant HollisterStier LLC,3
692,Leland Buist,"Bare Escentuals Beauty, Inc.",1
693,Ronnica Keneforde,CVS Pharmacy,5
694,Reeva Suckling,Zydus Pharmaceuticals (USA) Inc.,4
695,Min Winterbourne,Teva Pharmaceuticals USA Inc,2
696,Gennie Verson,"Avon Products, Inc.",5
697,Melina Beccles,McKesson,4
698,Philippine Wemm,Apotheca Company,2
699,Tiebold Szepe,"Newton Laboratories, Inc.",2
700,Rhea Defond,"Aphena Pharma Solutions - Tennessee, LLC",2
701,Hayes Frango,VersaPharm Incorporated,2
702,Philis McGiffin,Cardinal Health,5
703,Thaine McVitie,Ventura Corporation LTD,1
704,Shoshanna Zylberdik,Uriel Pharmacy Inc.,4
705,Viviyan Gilham,Unit Dose Services,1
706,Lisa Concannon,"Accra-Pac, Inc.",4
707,Fey Jelk,Colgate-Palmolive,2
708,Ethel Cassidy,Baxter Healthcare Corporation,2
709,Anallese Ferebee,Greenstone LLC,2
710,Alvina Hawker,"Physicians Total Care, Inc.",2
711,Nicolette Nunnerley,Space Brands Limited,4
712,Nealson Sapshed,"Nelco Laboratories, Inc.",1
713,Maudie Sprull,AMERISOURCEBERGEN DRUG CORPORATION,3
714,Guthry Evett,Cardinal Health,5
715,Christyna Croshaw,CARDINAL HEALTH,2
716,Sherie Cristofolini,Mylan Institutional Inc.,1
717,Blakelee Boulter,"ALK-Abello, Inc.",4
718,Jared O'Gormally,"Akorn, Inc.",2
719,Calida Pirazzi,AbbVie Inc.,4
720,Sheba O'Geaney,"NCS HealthCare of KY, Inc dba Vangard Labs",2
721,Opaline Gant,REMEDYREPACK INC.,2
722,Dael Biasotti,Preferred Plus (Kinray),1
723,Binnie Stollenbecker,Rebel Distributors Corp,1
724,Elsinore Pawellek,"Physicians Total Care, Inc.",1
725,Bren Grishukov,"Tom's of Maine, Inc.",4
726,Georgena Rand,Ventura Corporation LTD.,1
727,Urbano Birrel,Bryant Ranch Prepack,3
728,Nancy Rubenov,"Antigen Laboratories, Inc.",1
729,Finlay Testro,CLINIQUE LABORATORIES INC,3
730,Nanine Hayton,REMEDYREPACK INC.,5
731,Pamela Lockey,"Dolgencorp, LLC",3
732,Kalie Wakely,Ventura Corporation LTD.,4
733,Agnola Gallie,Citron Pharma LLC,4
734,Mariann Quilter,Zydus Pharmaceuticals (USA) Inc.,1
735,Gelya Edinburough,Bausch & Lomb Incorporated,4
736,Feliks Bossons,Kroger,3
737,Filia MacRinn,McKesson Contract Packaging,4
738,Carita Brookhouse,"Altura Pharmaceuticals, Inc.",4
739,Mata Spridgen,RITE AID CORPORATION,1
740,Isac Hehl,Qualitest Pharmaceuticals,1
741,Austina O'Geneay,Neutrogena Corporation,2
742,Thom Plimmer,Eli Lilly and Company,3
743,Henri Northcote,Aurobindo Pharma Limited,3
744,Gypsy Kobes,Medi-Physics Inc.,4
745,Toddie Daudray,Jubilant HollisterStier LLC,1
746,Chrissie Brokenshaw,Guerlain S.A.,4
747,Joela Proudlove,Hyland's,1
748,Denis Redd,"ABC Compounding Co., Inc.",2
749,Hagan Nannizzi,Uriel Pharmacy Inc.,1
750,Elsbeth Kitley,Chi Research Inc,3
751,Ailis Vacher,"Coloplast Manufacturing US, LLC",4
752,Henderson Fearneley,Torrent Pharmaceuticals Limited,4
753,Amil McCreery,"C.D.M.A., INC",4
754,Della Mebs,Cardinal Health,1
755,Brandice Shuter,DZA Brands LLC,3
756,Flor Fotitt,"Navarro Discount Pharmacies,LLC",3
757,Augustin Tregien,"Nelco Laboratories, Inc.",2
758,Crin Grinnell,KMART CORPORATION,1
759,Sayre Stollberg,Dedra LLC,1
760,Berkie Marns,Sun Pharmaceutical Industries Limited,4
761,Ashlen Dupey,"Antigen Laboratories, Inc.",1
762,Buffy Hansman,Bryant Ranch Prepack,3
763,Shalne Hallgath,Bryant Ranch Prepack,2
764,Bernardine O'Heagertie,SHISEIDO AMERICA INC.,5
765,Kassie Grcic,"Lupin Pharmaceuticals, Inc.",4
766,Jeannie Scrymgeour,Ventura Corporation LTD,1
767,Alvina Welden,Major Pharmaceuticals,2
768,Alfie Delcastel,Sun Pharmaceutical Industries Limited,2
769,Jillana McLugaish,A-S Medication Solutions LLC,5
770,Josefa Hulk,"Nelco Laboratories, Inc.",2
771,Catherine Haggus,"ABC Compounding Co., Inc.",1
772,Chiquita Harler,"MSD Consumer Care, Inc.",4
773,Weber Kincla,King Bio Inc.,2
774,Salvador Conochie,Carilion Materials Management,5
775,Windham McRamsey,"Amneal Pharmaceuticals, LLC",2
776,Atalanta Wanklyn,"La Prairie, Inc.",4
777,Adelle Keoghan,Mylan Pharmaceuticals Inc.,2
778,Bea Jerzykiewicz,Jubilant HollisterStier LLC,2
779,Kimbra Simes,H E B,1
780,Dorothy Taggerty,"NATURE REPUBLIC CO., LTD.",4
781,Doralin Conklin,"Antigen Laboratories, Inc.",1
782,Bentley Aplin,Topco Associates LLC,5
783,Richard Vela,"Global Pharmaceuticals, Division of Impax Laboratories Inc.",4
784,Mufinella Gallimore,Actavis South Atlantic LLC,1
785,Kerk Zelland,Zydus Pharmaceuticals (USA) Inc.,1
786,Elysha Alliott,REMEDYREPACK INC.,2
787,Ozzy Eckersall,Qualitest Pharmaceuticals,5
788,Roxanne Joutapavicius,"Allermed Laboratories, Inc.",4
789,Halimeda Ellerby,"Watson Laboratories, Inc.",4
790,Rica Fairlamb,Procter & Gamble Manufacturing Company,3
791,Jordon Inker,"Pro-Link, Inc.",3
792,Tessie Arsmith,"RTA Homecare, Inc.",3
793,Coleen Witherington,"UDL Laboratories, Inc.",4
794,Julina Oswal,SHISEIDO AMERICAS CORPORATION,2
795,Cammy Zimmermanns,B. Braun Medical Inc.,4
796,Stepha Savil,E. FOUGERA & CO. A division of Fougera Pharmaceuticals Inc.,1
797,Elias Ortmann,Kroger Company,2
798,Leeanne Petrou,Dr. Reddy's Laboratories Limited,3
799,Karrah McCreath,"AvKARE, Inc.",3
800,Cynde Janas,"Preferred Pharmaceuticals, Inc.",2
801,Keary MacNamee,"Actavis Pharma, Inc.",5
802,Barnett Tansly,"JHP Pharmaceuticals, LLC.",3
803,Kaitlyn Keam,State of Florida DOH Central Pharmacy,5
804,Becky Darrow,Apotheca Company,4
805,Bell Sackur,"Hospira, Inc.",1
806,Jeannette Baudichon,Bryant Ranch Prepack,4
807,Danie Eickhoff,"Dong Sung Pharm. Co., Ltd.",4
808,Padraic Parrott,Valeant Pharmaceuticals North America LLC,5
809,Aurore Lightowler,Sun Pharma Global FZE,2
810,Ina McPaik,"Nelco Laboratories, Inc.",3
811,Donielle Stogill,"Physicians Total Care, Inc.",5
812,Geoff Moncreif,Rite Aid Corporation,5
813,Davide Schrinel,Uriel Pharmacy Inc.,4
814,Daniel Cristou,"Golden State Medical Supply, Inc.",4
815,Merlina Smaleman,Cosbel S.A de C.V.,2
816,Nikkie Muggeridge,CVS Pharmacy,4
817,Sherman Pechacek,"Roxane Laboratories, Inc.",1
818,Shani Casier,Water-Jel Technologies,4
819,Odo Dyas,Laboratoires Boiron,4
820,Benedikta Beeson,REMEDYREPACK INC.,3
821,Osborne Sill,Procter & Gamble Manufacturing Company,4
822,Crawford Huckabe,"Aaron Industries, Inc.",4
823,Stafford Swindley,Wal-Mart Stores Inc,2
824,Dennie Hicks,Energizer Personal Care LLC,2
825,Kendricks Fountain,AMOREPACIFIC CO.,2
826,Teresina Fussell,Baxter Healthcare Corporation,5
827,Isaak Beven,REMEDYREPACK INC.,4
828,Pincus Tommasuzzi,"Preferred Pharmaceuticals, Inc.",4
829,Renaldo Nowakowska,"Nelco Laboratories, Inc.",5
830,Arlyn Hickisson,"Nelco Laboratories, Inc.",3
831,Karim Wyse,Aurobindo Pharma Limited,5
832,Rodolph Olligan,Safeway,5
833,Cassandra Rennix,Rebel Distributors Corp,3
834,Salem Alldridge,Major Pharmaceuticals,1
835,Keir Alvey,"Changzhou Maokang Medical Products Co., Ltd",4
836,Yorgo Nock,"Mission Hills, S.A. de C.V.",1
837,Janifer Noye,"NATURE REPUBLIC CO., LTD.",2
838,Petra Gwynn,Ranbaxy Pharmaceuticals Inc.,2
839,Cully Bertelmot,Aurobindo Pharma Limited,4
840,Ford Debold,"Preferred Pharmaceuticals, Inc",1
841,Yoko Swanton,"BioComp Pharma, Inc.",4
842,Aguste Parrin,REESE PHARMACEUTICAL CO.,5
843,Petronella Chrstine,Clinical Solutions Wholesale,3
844,Barron Casali,Sagent Pharmaceuticals,1
845,Prescott Chapiro,"Alcon Laboratories, Inc.",3
846,Joel Randall,Walgreens,2
847,Norri Garnul,"Antigen Laboratories, Inc.",4
848,Carrol Clifft,"Ventura Corporation (San Juan, P.R)",1
849,Cthrine Few,"Donovan Industries, Inc",3
850,Court McCardle,Unit Dose Services,1
851,Lula MacIlwrick,Merck Sharp & Dohme Corp.,3
852,Templeton Styles,Duramed Pharmaceuticals Inc.,4
853,Jacquelynn Corneliussen,McKesson,1
854,Kerby MacAllaster,VIATREXX BIO INCORPORATED,3
855,Brook De Dei,"PD-Rx Pharmaceuticals, Inc.",3
856,Bogey Mathey,"Sato Pharmaceutical Co., Ltd.",5
857,Georgetta Thoresbie,"Daiichi Sankyo, Inc.",5
858,Uriah Bein,"PD-Rx Pharmaceuticals, Inc.",3
859,Ruthy Deyes,Novartis Pharmaceuticals Corporation,4
860,Connie Goldhill,Cardinal Health,4
861,Rena Ankers,"Philosophy, Inc.",2
862,Donelle Soldi,OHM PHARMA INC.,5
863,Janina Plail,"Roxane Laboratories, Inc",3
864,Baryram Bemand,Sandoz Inc,1
865,Genevra Sorro,Par Pharmaceutical Inc.,3
866,Missy Standon,"Cubist Pharmaceuticals, Inc.",1
867,Jacquelynn Brigginshaw,"Nelco Laboratories, Inc.",5
868,Harriet Glavias,"Nationwide Laboratories, LLC",4
869,Hort Sollas,IASO Inc,3
870,Ava Power,"ProStrakan, Inc.",1
871,Kanya Sutterby,"Brentwood Beauty Laboratories International, Inc.",3
872,Chick Oxburgh,Qualitest Pharmaceuticals,1
873,Florie Ellcome,REMEDYREPACK INC.,1
874,Ambrosio Daughtery,Cardinal Health,4
875,Blanche Mapledoore,L. Perrigo Company,2
876,Kaitlin Messenbird,Baxter Healthcare Corporation,4
877,Nels Maclean,"Pro-Pharma, LLC",3
878,Andonis Kurton,Macleods Pharmaceuticals Limited,5
879,Rhonda Andersen,Chain Drug Marketing Association,2
880,Keeley Fenne,CVS Pharmacy,1
881,Marielle Clute,Landy International,4
882,Fulton Leyborne,"Charm-Tex, Inc",3
883,Ramon Timpany,Cardinal Health,5
884,Ev Biaggioni,Lake Erie Medical & Surgical Supply DBA Quality Care Products LLC,2
885,Klemens Skey,State of Florida DOH Central Pharmacy,2
886,Tedda Shayler,Sandoz Inc,5
887,Hedvige MacFadden,RITE AID CORPORATION,5
888,Leisha Rosenfield,Apotheca Company,1
889,Harlie O'Drought,"Physicians Total Care, Inc.",2
890,Veda Jedrzejczak,REMEDYREPACK INC.,5
891,Doralynn McBeith,"Nelco Laboratories, Inc.",5
892,Pierson O'Shaughnessy,"Prime Packaging, Inc.",5
893,Skipper Christiensen,"Nelco Laboratories, Inc.",1
894,Delmor Cowill,"Hospira, Inc.",2
895,Rourke Halse,McKesson Packaging Services a business unit of McKesson Corporation,1
896,Yolanda Alleyne,Jubilant HollisterStier LLC,5
897,Tamar Dunn,McKesson Packaging Services Business Unit of McKesson Corporation,4
898,Danielle Huitt,"CCA Industries, Inc.",5
899,Kristoforo Polding,CVS Pharmacy,3
900,Dicky MacFadzean,"Greenbrier International, Inc.",5
901,Gwen Ebertz,Jayco Industrial Supply Inc,4
902,Kendal Cisar,Proficient Rx LP,4
903,Dredi Lye,"Nelco Laboratories, Inc.",4
904,Sarah Bakeup,AB7 Industries,2
905,Celine Seller,"Dermazone Solutions, LLC",1
906,Ellswerth d' Elboux,Micro Labs Limited,4
907,Luce Oager,"Dolgencorp, Inc. (DOLLAR GENERAL & REXALL)",5
908,Damita Ruperto,"MEIJER, INC.",3
909,Tobias Coath,Laboratoires Clarins S.A.,3
910,Jacinta Strahan,"Nelco Laboratories, Inc.",5
911,Cristi Jimson,"Meditrend, Inc. DBA Progena Professional Formulations",5
912,Marcille Rosewell,Baxter Healthcare Corporation,4
913,Marie Lamberton,"Physicians Total Care, Inc.",5
914,Sybyl O'Lochan,"Amercare Products, Inc.",3
915,Tony Tutton,Actavis Elizabeth LLC,4
916,Caritta Twidell,Mylan Institutional LLC,1
917,Alanah Emnoney,"Jets, Sets, & Elephants Beauty Corp.",1
918,Jada Phittiplace,REMEDYREPACK INC.,5
919,Ken Pennrington,King Bio Inc.,1
920,Catrina Coaker,Mylan Pharmaceuticals Inc.,5
921,Arlyne Chaman,REMEDYREPACK INC.,3
922,Dori Kearle,"DermDeal, LLC dba Cheryl Lee, MD Sensitive Skin Care",4
923,Laetitia Muckeen,CARDINAL HEALTH,1
924,Wilburt Clitheroe,McKesson,2
925,Lorilee Hairsine,Dr. Reddys Laboratories Limited,4
926,Rochelle Gecke,Ventura Corporation Ltd.,4
927,Earle Vousden,Apotheca Company,2
928,Cherry Cashen,Endo Pharmaceuticals Inc.,1
929,Angelica Andrini,Wockhardt Limited,1
930,Harriett Mc Menamin,Northwind Pharmaceuticals,4
931,Cammie Swyndley,"Taro Pharmaceuticals U.S.A., Inc.",2
932,Eliot Arrigo,Natural Immunogenics Corp.,5
933,Rana Calvey,American Health Packaging,3
934,Dorian Yitzhok,"Jazz Pharmaceuticals, Inc.",5
935,Ninon Muckian,McKesson Contract Packaging,2
936,Mercie Kidman,Contract Pharmacy Services-PA,3
937,Sharla Trueman,Home Sweet Homeopathics,1
938,Hillyer Rahill,"Cypress Pharmaceutical, Inc.",1
939,Rafaelita Beaman,Amerincan Health Packaging,4
940,Dione Foye,Bryant Ranch Prepack,2
941,Jeanna Poad,Rugby Laboratories,3
942,Shaylynn Crispin,Cardinal Health,2
943,Rhianon Paur,Novartis Pharmaceuticals Corporation,5
944,Sadie Pridgeon,Bryant Ranch Prepack,2
945,Rock Culpin,"Nelco Laboratories, Inc.",4
946,Fleurette Goublier,"Silarx Pharmaceuticals, Inc",1
947,Chauncey Coppens,Tender Corp dba Adventure Medical Kits,4
948,Martica Marsie,PUR MINERALS,2
949,Kelci Antao,"Jets, Sets, & Elephants Beauty Corp.",4
950,Bev Yakovich,"AAA Pharmaceutical, Inc.",4
951,Windy Roydon,KANEBO COSMETICS INC.,5
952,Rip Turton,C.F.E.B. Sisley,1
953,Britt Chstney,Par Pharmaceutical Inc.,5
954,Guillermo Caser,"BB17, LLC",5
955,Billie Cayley,ETHEX Corporation,5
956,Angy Majury,"Navarro Discount Pharmacies,LLC",5
957,Reginald Rumbold,L'Oreal USA Products Inc,5
958,Linnea Steuhlmeyer,L'Oreal USA Products Inc,1
959,Justino Perrycost,Neutrogena Corporation,5
960,Yorgo Tash,"Preferred Pharmaceuticals, Inc",2
961,Christoforo Ligerton,Pharmacia and Upjohn Company,2
962,Karisa Osinin,Mylan Pharmaceuticals Inc.,2
963,Minette Astbery,"SMG Pharmaceuticals, LLC",1
964,Arline Lorentz,Jubilant HollisterStier LLC,4
965,Rena Rogerot,"ALK-Abello, Inc.",5
966,Eleanor Packer,Apotheca Company,5
967,Brook Blinman,GlaxoSmithKline LLC,3
968,Sarah Joseph,"Edenbridge Pharmaceuticals, LLC",1
969,Trenna Cars,Lake Erie Medical DBA Quality Care Products LLC,5
970,Lauren Midden,"ALK-Abello, Inc.",1
971,Imogene Brunke,Ventura Corporation LTD,2
972,Shirlene Kunzelmann,Mondel?z Global LLC,1
973,Tomi Jagiello,"Hospira, Inc.",5
974,Hadley Feasby,McKesson Packaging Services a business unit of McKesson Corporation,2
975,Fanechka Webley,Zydus Pharmaceuticals (USA) Inc.,2
976,Erhard Mecco,"Donovan Industries, Inc.",4
977,Josee Benterman,Unifirst First Aid Corporation,3
978,Fianna Bilbee,Supervalu Inc,5
979,Claybourne Rasmus,"Physicians Total Care, Inc.",4
980,Lynette Duthy,State of Florida DOH Central Pharmacy,2
981,Bobby Cooke,"Emergent BioDefense Operations Lansing, LLC",4
982,Micheil Lucks,A-S Medication Solutions LLC,5
983,Gran Nafziger,Genuine First Aid,3
984,Drucy Gonzalo,"Johnson & Johnson Consumer Products Company, Division of Johnson & Johnson Consumer Companies, Inc.",1
985,Malia Dow,Lake Erie Medical DBA Quality Care Products LLC,4
986,Giovanna Todarello,Laboratorios Quantium LLC,4
987,Egan Leggitt,"THEFACESHOP CO., LTD.",5
988,Lydia Whitford,Neutrogena Corporation,5
989,Dukie Sedgefield,"Nelco Laboratories, Inc.",3
990,Louisa Armsden,ENCHANTE ACCESSORIES INC.,3
991,Giff Bosson,"Golden State Medical Supply, Inc.",3
992,Reynold Odcroft,Direct Rx,3
993,Micaela Bantham,Aidarex Pharmaceuticals LLC,1
994,Tamqrah Ducastel,"Natura Bisse International, S.A.",2
995,Kahaleel Asquith,"Physicians Total Care, Inc",5
996,Timotheus Hanigan,The Wise Alternative,3
997,Lesley Rosina,Lake Erie Medical & Surgical Supply DBA Quality Care Products LLC,5
998,Tessy Sunman,Laboratoires Clarins S.A.,4
999,Nat Farnall,Cardinal Health,5
1000,Cheryl Joist,American Sales Company,3
